Model,Accuracy,F1 (weighted),F1 (macro),Precision (weighted),Recall (weighted)
Logistic Regression,0.573170731707317,0.5631253867869264,0.48700583775203504,0.6001920651552406,0.573170731707317
Random Forest,0.5458768873403019,0.5602099663762322,0.49775904196255877,0.5920650892926964,0.5458768873403019
XGBoost,0.5365853658536586,0.5512677034358608,0.49058129926264943,0.5808270324034388,0.5365853658536586
